{
  "version": 2,
  "feature_dim": 19,
  "total_rounds": 278,
  "drift": {
    "method": "page_hinkley",
    "mean": 0.041394779145568536,
    "cum_sum": 0.07287919113426267,
    "min_cum_sum": -0.031841053473232045,
    "count": 278,
    "drift_events": 6,
    "last_drift_round": 261
  },
  "constraints": {
    "lambda_latency": 0.0,
    "lambda_cost": 0.0,
    "avg_latency": 0.020015494670486147,
    "avg_cost": 106.76157868926397
  },
  "arms": {
    "llm": {
      "count": 2,
      "weights": [
        0.0,
        0.0,
        0.0,
        0.0,
        0.0,
        0.0,
        0.0,
        0.0,
        0.0,
        0.0,
        0.0,
        0.0,
        0.0,
        0.0,
        0.0,
        0.0,
        0.0,
        0.0,
        0.0
      ],
      "bias": 0.0,
      "avg_latency": 53.59367001461155,
      "avg_cost": 991.8556960000001
    },
    "rule": {
      "count": 1,
      "weights": [
        0.0002588111868919684,
        0.0,
        0.00034936993386000054,
        0.002478273806880002,
        0.0,
        0.0008828433417317285,
        0.002178064353280034,
        0.00040631680652035234,
        0.00046468086289800064,
        0.0008297113406901606,
        0.0012774769350736334,
        0.001063205477963473,
        0.001063084098815129,
        0.0012159157940840174,
        0.00207195700035965,
        0.0012007968718063691,
        0.001063205477963473,
        0.00013201161568800025,
        0.00018372247934400016
      ],
      "bias": 0.002478273806880002,
      "avg_latency": 0.01,
      "avg_cost": 70.13632000000001
    },
    "rule_structured": {
      "count": 4,
      "weights": [
        -0.00026283852118800084,
        0.0,
        -0.001501964829,
        0.002817013811999999,
        0.0038197864320000004,
        0.0016800712977276,
        0.0023524947450491995,
        0.0009301200481847998,
        0.0013294128536064,
        0.0016867141621187995,
        0.0019030351217159986,
        0.0016035601561523991,
        0.0016034939055931997,
        0.00048504716535719864,
        0.0019964663398151982,
        0.0010235512662839991,
        0.0016035601561523991,
        0.0002871800099999999,
        8.768362740000003e-05
      ],
      "bias": 0.002926586387999998,
      "avg_latency": 0.01,
      "avg_cost": 69.29923720648705
    },
    "defect_topic": {
      "count": 15,
      "weights": [
        0.00011350598624637295,
        0.0,
        -0.0020794562376300033,
        0.0007179534045599988,
        -0.0005041802063999996,
        0.0011683742443331757,
        0.002389791424923307,
        0.00021457535755262287,
        0.000526557257605318,
        0.0010686119062159674,
        0.0010489215520379258,
        0.0015611938653582954,
        0.0015613815694352424,
        0.0009602532605849715,
        0.0023651014558073733,
        0.0015307552613220703,
        0.0015611938653582954,
        0.0001795624985879999,
        0.00017060380737599963
      ],
      "bias": 0.002579676813359995,
      "avg_latency": 0.02,
      "avg_cost": 83.81551800162853
    },
    "defect_evidence": {
      "count": 127,
      "weights": [
        -0.00408606196306424,
        0.0,
        -0.0214404597217248,
        0.00338596182071682,
        0.008171958716800003,
        0.009821479238165693,
        0.010476986854283252,
        0.002596679139872534,
        0.0017576269975810403,
        0.008448009049649504,
        0.006062812016279294,
        0.007829624767996191,
        0.007829995584311952,
        -0.0031080724026402,
        0.008854913824354695,
        0.005388780947947935,
        0.007829624767996191,
        0.0006756372423844822,
        0.0007660902023504023
      ],
      "bias": 0.011451592964227226,
      "avg_latency": 0.02,
      "avg_cost": 106.82427650284579
    },
    "defect_structure": {
      "count": 9,
      "weights": [
        0.0009432786360923405,
        0.0,
        -0.0025273003489061988,
        0.002791299705076804,
        0.0017532068640000007,
        0.001195946371142833,
        0.0025576279448796153,
        0.0011833791046499645,
        0.0013081811833580287,
        0.0014514643005872894,
        0.0011408664827365943,
        0.001343562369314155,
        0.0013435757653738768,
        0.0020336026511245777,
        0.0018298073708268392,
        0.0018723199927402102,
        0.001343562369314155,
        0.00026650100840400047,
        0.0002178544312440005
      ],
      "bias": 0.0030131864754768052,
      "avg_latency": 0.02,
      "avg_cost": 35.068791658319
    }
  }
}