{
  "version": 2,
  "feature_dim": 19,
  "total_rounds": 205,
  "drift": {
    "method": "page_hinkley",
    "mean": 0.027263632571066284,
    "cum_sum": -2.2892912661015385,
    "min_cum_sum": -2.2902286335304725,
    "count": 205,
    "drift_events": 5,
    "last_drift_round": 27
  },
  "constraints": {
    "lambda_latency": 0.0,
    "lambda_cost": 0.0,
    "avg_latency": 0.03273631673460629,
    "avg_cost": 89.36994100503487
  },
  "arms": {
    "llm": {
      "count": 4,
      "weights": [
        0.0,
        0.0,
        0.0,
        0.0,
        0.0,
        0.0,
        0.0,
        0.0,
        0.0,
        0.0,
        0.0,
        0.0,
        0.0,
        0.0,
        0.0,
        0.0,
        0.0,
        0.0,
        0.0
      ],
      "bias": 0.0,
      "avg_latency": 53.59367001461155,
      "avg_cost": 991.8556960000001
    },
    "rule": {
      "count": 3,
      "weights": [
        0.00043135197815328066,
        0.0,
        0.0005822832231000009,
        0.004130456344800004,
        0.0,
        0.001471405569552881,
        0.0036301072554667233,
        0.0006771946775339206,
        0.0007744681048300011,
        0.0013828522344836009,
        0.002129128225122722,
        0.001772009129939122,
        0.0017718068313585483,
        0.0020265263234733625,
        0.0034532616672660835,
        0.002001328119677282,
        0.001772009129939122,
        0.0002200193594800004,
        0.0003062041322400003
      ],
      "bias": 0.004130456344800004,
      "avg_latency": 0.01,
      "avg_cost": 70.13632000000001
    },
    "rule_structured": {
      "count": 7,
      "weights": [
        -0.00026318103976800136,
        0.0,
        -0.0009969597949999996,
        0.004695023019999999,
        0.006366310720000001,
        0.0034439178263540003,
        0.005427139495082,
        0.00203463095858,
        0.002613505859716,
        0.003411758028802,
        0.004012700822695998,
        0.003198906693301999,
        0.003198796275703333,
        0.0015008649109859982,
        0.004349327941419998,
        0.002371258077303999,
        0.003198906693301999,
        0.0005539490959999999,
        0.00022145512500000008
      ],
      "bias": 0.006383958899999998,
      "avg_latency": 0.01,
      "avg_cost": 69.68395348531202
    },
    "defect_topic": {
      "count": 22,
      "weights": [
        0.0003407898565751568,
        0.0,
        -0.003080267871550002,
        -0.0006793852364000023,
        -0.0008403003439999994,
        0.00162624566412516,
        0.0037063351046551147,
        0.00045713706271143927,
        0.0011858138606205993,
        0.0014979543082732794,
        0.0017562423962470784,
        0.0021342413662703594,
        0.0021345269435434043,
        0.0016143610145061553,
        0.003291833656888556,
        0.0019927283233529165,
        0.0021342413662703594,
        0.00017794758697999995,
        0.00023071155995999963
      ],
      "bias": 0.0037489707195999945,
      "avg_latency": 0.02,
      "avg_cost": 72.84397876738319
    },
    "defect_evidence": {
      "count": 135,
      "weights": [
        -0.005671702656381933,
        0.0,
        -0.02317270505870799,
        -0.00036814018947196723,
        -0.003649275,
        0.0092080790344671,
        0.0076786983355133,
        0.0014309157722784242,
        0.0022829751002630015,
        0.009118529846831971,
        0.005194497096353891,
        0.007694582761462581,
        0.007694918174601503,
        -0.0060371724145766,
        0.007168263089433629,
        0.0034046817653581567,
        0.007694582761462581,
        0.0003076080641408034,
        0.00041928377488400354
      ],
      "bias": 0.008599178861712043,
      "avg_latency": 0.02,
      "avg_cost": 91.03649445750963
    },
    "defect_structure": {
      "count": 14,
      "weights": [
        0.0016504708998175007,
        0.0,
        -0.0018783047281769982,
        0.006986028695128006,
        0.004804650684000001,
        0.0026875969393035217,
        0.006274438272277626,
        0.002466551100586341,
        0.002421154917861781,
        0.0031480789186482823,
        0.003139802221464724,
        0.0031379226787815917,
        0.0031380240967341278,
        0.004451420963883496,
        0.004889288878541665,
        0.004216037757663283,
        0.0031379226787815917,
        0.0005834226371400008,
        0.0005964769707400008
      ],
      "bias": 0.007355839979128008,
      "avg_latency": 0.02,
      "avg_cost": 33.315680125613184
    }
  }
}