{
  "version": 2,
  "feature_dim": 19,
  "total_rounds": 37,
  "drift": {
    "method": "page_hinkley",
    "mean": 0.04513851982349607,
    "cum_sum": -0.031336578272978366,
    "min_cum_sum": -0.03968970734704082,
    "count": 37,
    "drift_events": 5,
    "last_drift_round": 27
  },
  "constraints": {
    "lambda_latency": 0.17258901455525433,
    "lambda_cost": 0.0,
    "avg_latency": 3.134965942270944,
    "avg_cost": 125.88968061882792
  },
  "arms": {
    "llm": {
      "count": 1,
      "weights": [
        0.0,
        0.0,
        0.0,
        0.0,
        0.0,
        0.0,
        0.0,
        0.0,
        0.0,
        0.0,
        0.0,
        0.0,
        0.0,
        0.0,
        0.0,
        0.0,
        0.0,
        0.0,
        0.0
      ],
      "bias": 0.0,
      "avg_latency": 54.37419299999601,
      "avg_cost": 990.75
    },
    "rule": {
      "count": 0,
      "weights": [
        0.00011037881348927999,
        0.0,
        0.0002011275756,
        0.0016090206048,
        0.0,
        0.00064457365428288,
        0.0013940554519987199,
        0.00018970352930592003,
        0.000317781569448,
        0.0006226909740576,
        0.0008228531372947201,
        0.0007954997870131202,
        0.0007954193359828802,
        0.0006889826229753601,
        0.0014193170754940802,
        0.0007861674675052801,
        0.0007954997870131202,
        0.00016090206048000004,
        8.045103024000002e-05
      ],
      "bias": 0.0016090206048,
      "avg_latency": 0.01,
      "avg_cost": 71.75
    },
    "rule_structured": {
      "count": 0,
      "weights": [
        0.0,
        0.0,
        0.0,
        0.0,
        0.0,
        0.0,
        0.0,
        0.0,
        0.0,
        0.0,
        0.0,
        0.0,
        0.0,
        0.0,
        0.0,
        0.0,
        0.0,
        0.0,
        0.0
      ],
      "bias": 0.0,
      "avg_latency": 0.0,
      "avg_cost": 0.0
    },
    "defect_topic": {
      "count": 1,
      "weights": [
        0.0012622142589033595,
        0.0,
        0.0010932419231999997,
        0.002098910217600001,
        0.0,
        0.00188407617926976,
        0.00546700134460032,
        0.0009119747805638399,
        0.0012740557344480003,
        0.00179912505826368,
        0.00302905530402048,
        0.0024938875200153604,
        0.00249386497099824,
        0.003672375079080959,
        0.0049890811970361585,
        0.0028720006735795194,
        0.0024938875200153604,
        0.00029505279888000004,
        0.00039999830976
      ],
      "bias": 0.0059010559776,
      "avg_latency": 0.02,
      "avg_cost": 50.19771428571429
    },
    "defect_evidence": {
      "count": 12,
      "weights": [
        0.000997590721560063,
        0.0,
        0.0009392255662920035,
        0.0028961329785280117,
        0.0,
        0.0035378964366118842,
        0.00868794321989088,
        0.0016118546308812186,
        0.0019376551968461955,
        0.0033628195821395605,
        0.0043558370108450735,
        0.0040552628432175665,
        0.004055357866190856,
        0.004472678396796187,
        0.007717613556830797,
        0.004973631176866941,
        0.0040552628432175665,
        0.0003413305561408009,
        0.0005202510765840011
      ],
      "bias": 0.009329468187712013,
      "avg_latency": 0.02,
      "avg_cost": 79.88546672392269
    },
    "defect_structure": {
      "count": 3,
      "weights": [
        0.0012127671618352004,
        0.0,
        0.0011211461474480008,
        0.009842437928128006,
        0.0,
        0.0038405230867667216,
        0.008110294625050725,
        0.0015834279488750407,
        0.002311241642901281,
        0.003770095963633282,
        0.004840434926853123,
        0.004311087809777091,
        0.004311081541823677,
        0.004813676496847394,
        0.008259009979252963,
        0.005002003001274883,
        0.004311087809777091,
        0.0008990114238400005,
        0.0008990114238400005
      ],
      "bias": 0.009842437928128006,
      "avg_latency": 0.02,
      "avg_cost": 23.687369142857143
    }
  }
}