{
  "version": 2,
  "feature_dim": 19,
  "total_rounds": 496,
  "drift": {
    "method": "page_hinkley",
    "mean": 0.030810111369253327,
    "cum_sum": -2.449358400299921,
    "min_cum_sum": -2.449358400299921,
    "count": 496,
    "drift_events": 6,
    "last_drift_round": 261
  },
  "constraints": {
    "lambda_latency": 0.7985504367710767,
    "lambda_cost": 0.0,
    "avg_latency": 1.1336485579895104,
    "avg_cost": 92.79832700746768
  },
  "arms": {
    "llm": {
      "count": 8,
      "weights": [
        0.0,
        0.0,
        0.0,
        0.0,
        0.0,
        0.0,
        0.0,
        0.0,
        0.0,
        0.0,
        0.0,
        0.0,
        0.0,
        0.0,
        0.0,
        0.0,
        0.0,
        0.0,
        0.0
      ],
      "bias": 0.0,
      "avg_latency": 56.10336657806963,
      "avg_cost": 992.6847141972944
    },
    "rule": {
      "count": 5,
      "weights": [
        0.0002588111868919684,
        0.0,
        -0.00017069161613999956,
        0.001540528606880002,
        -0.0016503480000000003,
        -8.738610002827164e-05,
        0.0007365191192000339,
        -0.00020940571951964777,
        8.834029378000579e-06,
        -9.806404402983959e-05,
        1.4649741953633204e-05,
        0.000539342179883473,
        0.0005392179587217957,
        0.0008078374736040174,
        0.0010373315263996496,
        0.000813276064926369,
        0.000539342179883473,
        3.889005568800023e-05,
        6.492197934400011e-05
      ],
      "bias": 0.0008279258068800017,
      "avg_latency": 0.01,
      "avg_cost": 65.84005292830722
    },
    "rule_structured": {
      "count": 11,
      "weights": [
        -0.0001728206587159995,
        0.0,
        -0.0010987513164999977,
        0.005436984432000007,
        0.006298345172000009,
        0.0034383709034376047,
        0.004169276902355206,
        0.0020875219489608038,
        0.0021345686659644033,
        0.0035133153709728045,
        0.003706857901390005,
        0.0024932067036504014,
        0.0024930286388035357,
        0.0010072538364452024,
        0.003317623179039203,
        0.0016982872266100013,
        0.0024932067036504014,
        0.0005757536900000006,
        0.00034261009540000086
      ],
      "bias": 0.0054051451280000065,
      "avg_latency": 0.01,
      "avg_cost": 69.2624375326452
    },
    "defect_topic": {
      "count": 36,
      "weights": [
        -0.0006592128987598289,
        0.0,
        -0.005426522656380002,
        0.002069006676559999,
        0.00019192192359999483,
        0.0022623817171421707,
        0.0028117359408233035,
        0.0008370265876634204,
        0.0005495857920841153,
        0.0022886822341661632,
        3.981788381322371e-06,
        0.0026646811626252938,
        0.0026649561440131074,
        -5.124397298363211e-05,
        0.0024387523556965687,
        0.0032717971549786683,
        0.0026646811626252938,
        0.0002010803091879996,
        0.00039011921847599876
      ],
      "bias": 0.0032757789433599895,
      "avg_latency": 0.02,
      "avg_cost": 101.26190219687018
    },
    "defect_evidence": {
      "count": 264,
      "weights": [
        -0.004180052387489038,
        0.0,
        -0.038950500826974814,
        0.0024391365827168706,
        0.0052271147388000625,
        0.011630286618487326,
        0.0075855160915134934,
        0.0021772690511579536,
        0.003464345720747058,
        0.010739268475488927,
        0.0035156500502365414,
        0.008297597437959998,
        0.008297637612768102,
        -0.006054231486624786,
        0.0063294799350693265,
        0.0049910989359907365,
        0.008297597437959998,
        0.00019596891588448534,
        0.0004800157019504064
      ],
      "bias": 0.008506748986227278,
      "avg_latency": 0.02,
      "avg_cost": 68.49810588613967
    },
    "defect_structure": {
      "count": 52,
      "weights": [
        0.0007106789445343415,
        0.0,
        -0.0187003193679062,
        0.006352040593076808,
        0.0045847679480000075,
        0.011336694704544433,
        0.005491627601443618,
        0.0072050614699899675,
        0.006013420250316028,
        0.015555783131610088,
        0.0029004227213061994,
        0.0065520109825145546,
        0.006552718071399209,
        -0.002583730010315421,
        -0.0013603139105131628,
        0.0029443248381706144,
        0.0065520109825145546,
        0.0006938370898040006,
        0.0004288396332440004
      ],
      "bias": 0.005844747559476812,
      "avg_latency": 0.02,
      "avg_cost": 42.023133349701446
    }
  }
}