{
  "kind": "controller_policy",
  "version": "controller_policy_1780047262",
  "created_at": 1780047262,
  "feature_dim": 19,
  "training_events": 658,
  "arm_counts": {
    "defect_evidence": 447,
    "defect_structure": 78,
    "rule": 8,
    "defect_topic": 88,
    "llm": 16,
    "rule_structured": 21
  },
  "arms": {
    "llm": {
      "weights": [
        0.0,
        0.0,
        0.0,
        0.0,
        0.0,
        0.0,
        0.0,
        0.0,
        0.0,
        0.0,
        0.0,
        0.0,
        0.0,
        0.0,
        0.0,
        0.0,
        0.0,
        0.0,
        0.0
      ],
      "bias": 0.0,
      "mse": 0.0,
      "n": 16,
      "avg_reward": 0.0,
      "effective_rate": 0.8125
    },
    "rule": {
      "weights": [
        0.005575,
        0.0,
        -0.014932,
        0.012133,
        -0.023712,
        -0.004754,
        0.028832,
        -0.007808,
        -0.02083,
        -0.01032,
        -0.007677,
        -0.001193,
        -0.001207,
        0.005981,
        0.003769,
        0.003638,
        -0.001193,
        -0.01173,
        -0.003629
      ],
      "bias": 0.015423,
      "mse": 0.000324,
      "n": 8,
      "avg_reward": 0.019553,
      "effective_rate": 0.375
    },
    "rule_structured": {
      "weights": [
        -0.027152,
        0.0,
        -0.047717,
        -0.012382,
        0.019073,
        -0.024124,
        -0.005965,
        -0.007281,
        0.059206,
        0.005574,
        -0.011289,
        0.023832,
        0.023833,
        -0.013348,
        0.006104,
        0.010113,
        0.023832,
        0.021547,
        -0.01405
      ],
      "bias": 0.02668,
      "mse": 0.000363,
      "n": 21,
      "avg_reward": 0.028181,
      "effective_rate": 0.9524
    },
    "defect_topic": {
      "weights": [
        0.004626,
        0.0,
        -0.05661,
        0.003544,
        -0.011913,
        0.001869,
        0.015244,
        0.014554,
        0.011876,
        0.004556,
        -0.012385,
        0.014075,
        0.014107,
        -0.010835,
        -0.007016,
        0.019923,
        0.014075,
        -0.016319,
        -0.008355
      ],
      "bias": 0.033939,
      "mse": 0.000184,
      "n": 88,
      "avg_reward": 0.020868,
      "effective_rate": 0.5341
    },
    "defect_evidence": {
      "weights": [
        -0.04463,
        0.0,
        -0.091785,
        0.001425,
        -0.018019,
        -0.014269,
        -0.008901,
        0.041469,
        -0.001561,
        -0.014559,
        -0.026304,
        0.010079,
        0.010105,
        -0.029155,
        -0.029942,
        0.037831,
        0.010079,
        -0.023484,
        -0.027558
      ],
      "bias": 0.127943,
      "mse": 0.00043,
      "n": 447,
      "avg_reward": 0.034314,
      "effective_rate": 0.6868
    },
    "defect_structure": {
      "weights": [
        0.0078,
        0.0,
        -0.101302,
        -0.014654,
        -0.037516,
        -0.02862,
        -0.001711,
        0.018903,
        -0.071002,
        0.181496,
        -0.016212,
        0.034406,
        0.034492,
        0.022772,
        -0.022726,
        0.012389,
        0.034406,
        0.008902,
        -0.091757
      ],
      "bias": 0.061422,
      "mse": 0.001063,
      "n": 78,
      "avg_reward": 0.065725,
      "effective_rate": 0.9231
    }
  },
  "notes": "Per-arm linear reward priors. Runtime blends these with online bandit scores."
}